sigma0,loop_voltage,e_phi_min,e_phi_max,total_toroidal_current,absolute_toroidal_current,max_delta_b,max_feedback,rms_feedback,classification,max_abs_j_phi,max_abs_force,max_joule_heating,integrated_joule_power,integrated_mechanical_power,integrated_electric_power,integrated_power_balance_residual,max_abs_power_balance_residual,net_axisymmetric_torque,max_abs_axisym_divJ,max_wall_normal_current,max_abs_boundary_current,net_boundary_current
200000.0,0.0,0.0,0.0,-1.2274728356569469,76.85290083377484,2.803227304015129e-05,5.606454608030259e-06,3.5337335501696273e-06,weak-feedback,165.35999999999922,1003.8004112394862,0.21621727805797958,0.8854413621934997,-0.8854413621934993,3.8337388819087437e-16,3.872866012599722e-18,3.3306690738754696e-16,9.256727628390166,2.3987922759260982e-11,0.0,0.0,0.0
200000.0,0.05,0.0039788735772973835,0.007957747154594767,1096.9478275483684,1096.9478275483684,0.0005994047974185152,0.00011988095948370304,7.405364047633782e-05,weak-feedback,1620.7866210953375,1231.6411600489296,13.961926411858915,55.671459097829086,-0.8240677204106521,54.84739137741843,-9.163829499064963e-17,3.552713678800501e-15,9.256727628390166,2.3987922759260982e-11,0.0,0.0,0.0
200000.0,0.1,0.007957747154594767,0.015915494309189534,2195.123127932394,2195.123127932394,0.0011950395493272887,0.00023900790986545773,0.0001486464536252069,weak-feedback,3129.9832533493955,1467.5227089542473,51.6659662990327,220.27500687186722,-0.7626940786278045,219.5123127932394,1.1069622645554946e-15,2.1316282072803006e-14,9.256727628390166,2.3987922759260982e-11,0.0,0.0,0.0
200000.0,0.2,0.015915494309189534,0.03183098861837907,4391.473728700445,4391.473728700445,0.0023863812344731027,0.00047727624689462053,0.0002978935003119835,weak-feedback,6173.089072541281,1952.164898740645,199.3156937438507,878.934692535151,-0.6399467950621114,878.294745740089,2.232235838725496e-16,5.684341886080802e-14,9.256727628390166,2.3987922759260982e-11,0.0,0.0,0.0
200000.0,0.5,0.039788735772973836,0.07957747154594767,10980.525531004598,10980.525531004598,0.00596046435886634,0.001192092871773268,0.0007456834290017568,two-way-candidate,15467.824423005744,3435.515102253395,1226.2225135720623,5490.534470446663,-0.27170494436502324,5490.262765502298,4.9907910338005425e-14,4.547473508864641e-13,9.256727628390166,2.3987922759260982e-11,0.0,0.0,0.0
200000.0,1.0,0.07957747154594767,0.15915494309189535,21962.278534844852,21962.278534844852,0.011917288976137934,0.0023834577952275868,0.0014920161783836437,two-way-candidate,31065.00884601149,5973.651463003298,4923.646809197817,21961.936503371384,0.3420314734634431,21962.278534844852,-3.824099021216641e-14,1.8189894035458565e-12,9.256727628390166,2.3987922759260982e-11,0.0,0.0,0.0
500000.0,0.0,0.0,0.0,-3.485521814037668,191.5824498559734,6.996816836991685e-05,1.399363367398337e-05,8.811367762693345e-06,weak-feedback,413.39999999999804,1013.4380653338472,0.32245199999999696,1.128373867636214,-1.1283738676362107,3.282096816548119e-15,-3.315484152633944e-17,3.469446951953614e-16,9.25672762839018,4.96527263749158e-11,0.0,0.0,0.0
500000.0,0.05,0.0039788735772973835,0.007957747154594767,2741.9527291460254,2741.9527291460254,0.0014977687942801885,0.0002995537588560377,0.00018509519805002853,weak-feedback,4051.949357249235,1597.4330706341416,34.90481602964729,138.05173423423565,-0.9540977769343275,137.0976364573013,-3.7767076079998704e-17,1.4210854715202004e-14,9.25672762839018,4.96527263749158e-11,0.0,0.0,0.0
500000.0,0.1,0.007957747154594767,0.015915494309189534,5487.390980106089,5487.390980106089,0.0029868547060794013,0.0005973709412158803,0.00037157791939778967,weak-feedback,7824.860787685443,2205.3957767953616,129.1643454173103,549.5189196968414,-0.7798216862324434,548.7390980106089,-1.7984321942856818e-16,2.842170943040401e-14,9.25672762839018,4.96527263749158e-11,0.0,0.0,0.0
500000.0,0.2,0.015915494309189534,0.03183098861837907,10978.267482026216,10978.267482026216,0.005965208455370831,0.0011930416910741661,0.0007446958862381708,two-way-candidate,15432.573794634452,3445.3302914375927,498.282890028351,2196.0847659100723,-0.431269504828677,2195.6534964052435,8.301127025260562e-15,1.1368683772161603e-13,9.25672762839018,4.96527263749158e-11,0.0,0.0,0.0
500000.0,0.5,0.039788735772973836,0.07957747154594767,27450.896987786597,27450.896987786597,0.014900415994832926,0.002980083198966585,0.0018641709198063904,two-way-candidate,38669.561057514366,7283.5894083035655,3065.5340886207896,13724.834106853916,0.6143870393826205,13725.448493893298,-5.069965648705352e-14,1.3642420526593924e-12,9.25672762839018,4.96527263749158e-11,0.0,0.0,0.0
500000.0,1.0,0.07957747154594767,0.15915494309189535,54905.27949738723,54905.27949738723,0.029792477448616156,0.005958495489723231,0.003730002864161077,two-way-candidate,77662.52211502873,14051.805602038656,12309.117022994542,54902.92234944083,2.357147946401483,54905.27949738723,5.209759418105531e-13,3.637978807091713e-12,9.25672762839018,4.96527263749158e-11,0.0,0.0,0.0
800000.0,0.0,0.0,0.0,-5.7435707924184385,306.3360207218433,0.00011191399042129962,2.2382798084259924e-05,1.4089945332724943e-05,weak-feedback,661.4399999999969,1023.0950297434376,0.5159231999999951,1.6032276349564234,-1.6032276349564207,2.5049406993105094e-15,5.5940258150857985e-18,4.85722573273506e-16,9.256727628390252,8.327560863108374e-11,0.0,0.0,0.0
800000.0,0.05,0.0039788735772973835,0.007957747154594767,4386.957630743684,4386.957630743684,0.0023961327932067143,0.00047922655864134284,0.00029613679917456155,weak-feedback,6483.112093403132,1970.045712225186,55.84770564743566,220.66393063251968,-1.3160490953355009,219.34788153718415,-3.801776662829409e-16,2.1316282072803006e-14,9.256727628390252,8.327560863108374e-11,0.0,0.0,0.0
800000.0,0.1,0.007957747154594767,0.015915494309189534,8779.658832279787,8779.658832279787,0.004778669863746358,0.0009557339727492715,0.0005945094068996227,weak-feedback,12519.738322021494,2954.0284641431244,206.66272482360412,878.9947537836931,-1.0288705557145796,877.9658832279785,7.093452557825019e-16,8.526512829121202e-14,9.256727628390252,8.327560863108374e-11,0.0,0.0,0.0
800000.0,0.2,0.015915494309189534,0.03183098861837907,17565.06123535199,17565.06123535199,0.009544035676697706,0.0019088071353395412,0.0011914982830153174,two-way-candidate,24692.058516727622,4971.641093599242,797.2500954704915,3513.4667605468703,-0.4545134764727372,3513.012247070398,-3.226278360657984e-14,3.410605131648481e-13,9.256727628390252,8.327560863108374e-11,0.0,0.0,0.0
800000.0,0.5,0.039788735772973836,0.07957747154594767,43921.268444568595,43921.268444568595,0.023840367630964462,0.0047680735261928925,0.002982658414947854,two-way-candidate,61871.29769202298,11293.024308206508,4904.845681993516,21959.365664523044,1.2685577612527936,21960.6342222843,9.100546485004099e-14,1.8189894035458565e-12,9.256727628390252,8.327560863108374e-11,0.0,0.0,0.0
800000.0,1.0,0.07957747154594767,0.15915494309189535,87848.2804599296,87848.2804599296,0.047667665921175856,0.00953353318423517,0.0059679895521063215,two-way-candidate,124260.03538404596,22474.81319407881,19694.587236791267,87844.14011677215,4.1403431574619844,87848.2804599296,-5.448887682329013e-13,7.275957614183426e-12,9.256727628390252,8.327560863108374e-11,0.0,0.0,0.0
1200000.0,0.0,0.0,0.0,-8.754302763592761,459.350042628442,0.00016784433167014618,3.3568866334029235e-05,2.112829416010746e-05,weak-feedback,992.1599999999953,1037.5958367031872,0.7738847999999927,2.296493725944201,-2.2964937259442033,-2.157996004115148e-15,-8.236224842119965e-18,4.440892098500626e-16,9.256727628390095,1.1795009413617663e-10,0.0,0.0,0.0
1200000.0,0.05,0.0039788735772973835,0.007957747154594767,6580.29749954056,6580.29749954056,0.0035939514589777713,0.0007187902917955543,0.0004441922786348543,weak-feedback,9724.662408274997,2472.139569112327,83.77155847115351,330.87365356479256,-1.8587785877645686,329.01487497702806,3.3374541690320098e-16,2.842170943040401e-14,9.256727628390095,1.1795009413617663e-10,0.0,0.0,0.0
1200000.0,0.1,0.007957747154594767,0.015915494309189534,13169.349301844712,13169.349301844712,0.007167756740872897,0.0014335513481745794,0.0008917513958697129,two-way-candidate,18779.57503446956,3970.260875413299,309.99389743999996,1318.3559936340562,-1.4210634495849277,1316.9349301844713,5.836947931417429e-15,1.1368683772161603e-13,9.256727628390095,1.1795009413617663e-10,0.0,0.0,0.0
1200000.0,0.2,0.015915494309189534,0.03183098861837907,26347.452906453014,26347.452906453014,0.014315805305244813,0.0028631610610489627,0.001787234814864922,two-way-candidate,37038.03814618519,7053.235869202668,1195.8730384342155,5270.036214463829,-0.545633173225653,5269.490581290604,-2.5102189580168042e-14,4.547473508864641e-13,9.256727628390095,1.1795009413617663e-10,0.0,0.0,0.0
1200000.0,0.5,0.039788735772973836,0.07957747154594767,65881.76372027793,65881.76372027793,0.03576030314584937,0.007152060629169873,0.004473975076260873,two-way-candidate,92806.94653803448,16891.38390314449,7357.261144574488,32938.80120248311,2.080657655852164,32940.881860138965,9.495373198978763e-14,1.8189894035458565e-12,9.256727628390095,1.1795009413617663e-10,0.0,0.0,0.0
1200000.0,1.0,0.07957747154594767,0.15915494309189535,131772.28174331947,131772.28174331947,0.07150125055127643,0.014300250110255286,0.008951971803262002,strong-two-way-candidate,186390.05307606893,33705.49042001783,29541.880855186897,131765.8239342818,6.457809037648531,131772.28174331944,-7.419951927923654e-13,1.0913936421275139e-11,9.256727628390095,1.1795009413617663e-10,0.0,0.0,0.0
2000000.0,0.0,0.0,0.0,-14.77576670594135,765.3780864416393,0.00027970722560790673,5.594144512158134e-05,3.5205202397333986e-05,weak-feedback,1653.5999999999922,1070.3003430833314,1.2898079999999879,3.7345639661147554,-3.7345639661147727,-1.717376241217039e-14,1.7138539378001703e-17,4.440892098500626e-16,9.256727628390053,1.645048541831784e-10,0.0,0.0,0.0
2000000.0,0.05,0.0039788735772973835,0.007957747154594767,10966.977237134313,10966.977237134313,0.005989588790979169,0.0011979177581958338,0.0007403032472372387,two-way-candidate,16207.763038018726,3501.535401052391,139.61926411858917,551.3446374875334,-2.995775630817704,548.3488618567156,2.028849506935385e-15,5.684341886080802e-14,9.256727628390053,1.645048541831784e-10,0.0,0.0,0.0
2000000.0,0.1,0.007957747154594767,0.015915494309189534,21948.730240974568,21948.730240974568,0.011945930495329373,0.0023891860990658746,0.001486235378639554,two-way-candidate,31299.248459365685,6049.12478136119,516.6562427367954,2197.1300113929774,-2.2569872955206307,2194.8730240974564,-2.3741048898820235e-14,1.1368683772161603e-13,9.256727628390053,1.645048541831784e-10,0.0,0.0,0.0
2000000.0,0.2,0.015915494309189534,0.03183098861837907,43912.23624865507,43912.23624865507,0.0238593445624344,0.00477186891248688,0.002978707880975686,two-way-candidate,61729.997405100316,11354.554654130323,1993.1189263966942,8783.226660355944,-0.7794106249264985,8782.447249731016,6.756698854342323e-14,6.821210263296962e-13,9.256727628390053,1.645048541831784e-10,0.0,0.0,0.0
2000000.0,0.5,0.039788735772973836,0.07957747154594767,109802.75427169658,109802.75427169658,0.059600174175655746,0.01192003483513115,0.007456608399850682,strong-two-way-candidate,154678.24423005746,28143.271436681473,12262.092073808422,54897.72381646144,3.653319386855884,54901.3771358483,-1.3664073627798593e-13,3.637978807091713e-12,9.256727628390053,1.645048541831784e-10,0.0,0.0,0.0
2000000.0,1.0,0.07957747154594767,0.15915494309189535,219620.28431009914,219620.28431009914,0.11916841981149566,0.02383368396229913,0.014919936306055107,strong-two-way-candidate,310650.0884601149,56166.84524635241,49236.46809197817,219609.2431073593,11.041202739826645,219620.28431009914,-1.5430330235190186e-12,1.4551915228366852e-11,9.256727628390053,1.645048541831784e-10,0.0,0.0,0.0
