path,suffix,bytes,sha256,csv_rows,image_width,image_height,image_luma_stddev,image_nonblank
cases/lm_mhd_coupling/results/axisymmetric_feedback_probe_sensitivity.csv,.csv,5252,74c0406fbaea7e2730508a4f20b1dc28fe56c772f409c04e39836767a443f6ee,50,,,,
cases/lm_mhd_coupling/results/axisymmetric_feedback_probe_sensitivity_curves.png,.png,77675,b93589a37b298d4cc71f4a88d8fa95846aaff075a0d8177483dd62539d6af448,,1966,689,38.9530187301484,true
cases/lm_mhd_coupling/results/axisymmetric_feedback_probe_sensitivity_heatmap.png,.png,73719,4af4267c1ba93b0ba106bd8cb5b34826c34cab312dac613b6c8f286ac3507f4e,,1902,769,90.0306384586484,true
cases/lm_mhd_coupling/results/axisymmetric_feedback_probe_sensitivity_summary.md,.md,1194,3a72d34c04bd65868ad6cc6e5836092545546aed6b3f95db824dc89e59d36293,,,,,
cases/lm_mhd_coupling/results/axisymmetric_inductionless_toroidal_feedback_maps.png,.png,217377,3b3717ef2af6b3fa46bc16fba96c8d6c504d969d860615af767b2bc0157d7ca9,,2285,1290,77.00246884035502,true
cases/lm_mhd_coupling/results/axisymmetric_inductionless_toroidal_feedback_scan.csv,.csv,2533,70ca85aa2172a3eba961eb21c17cec6d264be691480194edfd4e33fe93107a49,6,,,,
cases/lm_mhd_coupling/results/axisymmetric_inductionless_toroidal_feedback_scan.png,.png,108828,e2e1742a929435d111f15d0b63891156ca58c26c4bb0d99e8452c9b11a9669cd,,2399,681,45.04337767834996,true
cases/lm_mhd_coupling/results/axisymmetric_inductionless_toroidal_feedback_snapshot.h5,.h5,260920,41e7b789ef1567fd75ace9e462f49a7d81969bf944beb53aba51b6c0b34ece56,,,,,
cases/lm_mhd_coupling/results/axisymmetric_inductionless_toroidal_feedback_summary.md,.md,1847,e4738eb507db79bac4225c8702b2fe218568d837c6de0814615f9ccc4aa628bd,,,,,
cases/lm_mhd_coupling/results/axisymmetric_loop_voltage_feedback_maps.png,.png,119690,bee1b4d7cab095341a133ce880c2b81666192980493a073bccd7e74783fc4d17,,2629,695,86.18827288975439,true
cases/lm_mhd_coupling/results/axisymmetric_loop_voltage_feedback_scan.csv,.csv,2634,1e269d6d74f0092e76b42e5dd6797d69aa4894aa8f8bc79cbfd1a0aa8f796d38,6,,,,
cases/lm_mhd_coupling/results/axisymmetric_loop_voltage_feedback_scan.png,.png,109240,224ef346c3b2556356b619eec6755b13d76cd4eb669d951397cc33f7978dd92e,,2399,684,44.171507781436006,true
cases/lm_mhd_coupling/results/axisymmetric_loop_voltage_feedback_snapshot.h5,.h5,260920,72bcb55dbe234033857fb9c97d3e64d747a8cc4b91c5f27124ba626d8b3f62ff,,,,,
cases/lm_mhd_coupling/results/axisymmetric_loop_voltage_feedback_summary.md,.md,1522,6f92175c5e0886d7c6551f78a3a09b86d5f007d4a1f25f344778907d871462da,,,,,
cases/lm_mhd_coupling/results/axisymmetric_loop_voltage_threshold_heatmap.png,.png,56670,48c039fe6c6fbb93436e414c921c25036896877e982ad7b83ed0d37386c6f31e,,1233,812,90.26910965720671,true
cases/lm_mhd_coupling/results/axisymmetric_loop_voltage_threshold_scan.csv,.csv,11789,78bcd3a748e944f550d828542131c1383f0cabaf17e7209541ba7f775eb98ff6,30,,,,
cases/lm_mhd_coupling/results/axisymmetric_loop_voltage_threshold_summary.md,.md,1308,ce19a4c548a87d4c10ccd4d216c102514f4f29c93fa0b639ec6cdd33012ccd8c,,,,,
cases/lm_mhd_coupling/results/axisymmetric_loop_voltage_thresholds.csv,.csv,383,c62aee109b34cbda4241e354bd9a1f96c4bc7647aecc322d5790dd860d5c5f10,5,,,,
cases/lm_mhd_coupling/results/axisymmetric_loop_voltage_thresholds.png,.png,55323,adbabe0b5c9365f1d5134185e9de4a01892e00b80458da4248a1ac0077d8fd78,,1139,739,39.91096495629967,true
cases/lm_mhd_coupling/results/coupling_snapshot_audit_current.png,.png,120416,67f778cb64287095c975881b061a646976733100d418fa5cc781f2572f518934,,2626,640,77.71687397350433,true
cases/lm_mhd_coupling/results/coupling_snapshot_audit_metrics.csv,.csv,733,55fd65ca74b4486e320583b94cc22d1c764dd1771bd493e1df55e84baadfdb66,1,,,,
cases/lm_mhd_coupling/results/coupling_snapshot_audit_summary.md,.md,1173,cea79f93f56ff1c23c4457afe6df452aa73d01fc2f1bfab0e5e387c22a1aaddb,,,,,
cases/lm_mhd_coupling/results/full_induction_low_rm_bridge_profiles.png,.png,102922,2e7fd95e13ffaefd0ce0f54d7e87c62f61449177ee9cb028a265eed38f145285,,2329,670,43.189699872117735,true
cases/lm_mhd_coupling/results/full_induction_low_rm_bridge_scaling.png,.png,147343,49bb1b95ede3463583f752d5b5cf0f3117355117f16c3522fa020f1298220d3a,,2002,703,47.976196503984134,true
cases/lm_mhd_coupling/results/full_induction_low_rm_bridge_scan.csv,.csv,3237,3daf2ce4732b12638f461c63c2e133162c3e66363e54e59b5a12e76e1c62450b,18,,,,
cases/lm_mhd_coupling/results/full_induction_low_rm_bridge_summary.md,.md,1393,73900ef98118d9467fe8d0f354d2ddb3330a652939f7e5e9b9223a6e36d615fa,,,,,
cases/lm_mhd_coupling/results/full_induction_low_rm_bridge_transient.png,.png,52440,408ac57e019ea1aee6f0f67ff9cae1599c275cb7ca4127ad63a80992e707e6a1,,1102,706,39.32612770414737,true
cases/lm_mhd_coupling/results/lm_mhd_regime_priority_classification.png,.png,53737,2df3e739dbadabbdc620310a8b7602b5aad8a700c937573df3278bf01dbf8c1a,,2206,840,76.00020441017222,true
cases/lm_mhd_coupling/results/lm_mhd_regime_priority_map.csv,.csv,1995923,3e93f43819b0d9012ac0c0a09c2e14b7520760004c5ad6ed4c9b389d32248c8f,12800,,,,
cases/lm_mhd_coupling/results/lm_mhd_regime_priority_metrics.png,.png,211211,1df957cacd8742a644e177f3abe9658693a6655d2f07c86d069c65b8b83b8fa3,,2388,1534,78.39151204430839,true
cases/lm_mhd_coupling/results/lm_mhd_regime_priority_summary.csv,.csv,660,30634411618add97d50f08903424ce899a806ed6ae425ed2b1ffc04a6cb1005e,2,,,,
cases/lm_mhd_coupling/results/lm_mhd_regime_priority_summary.md,.md,1574,af38aa6f8f747d4dcd4076ffed0349243c43dcae9cab47f9d62500fe1a2f71cc,,,,,
cases/lm_mhd_coupling/results/plasma_interface_current_feedback_scan.csv,.csv,1374291,0a06e07adeb4350ecb096e7d7fca8822c5f89de0012036a6d8e2e7c0d0be448f,6400,,,,
cases/lm_mhd_coupling/results/plasma_interface_current_feedback_scan.png,.png,131483,c8c62e51984b485d3865bd97724a90b3341d9599a0c555b5faf51828b355a917,,2394,731,82.218847161535,true
cases/lm_mhd_coupling/results/plasma_interface_current_feedback_scan_summary.md,.md,661,6881407e56cd65ce5f57194015b237ad0e0a8d851a9bb8f6c046df2e723ca3dd,,,,,
cases/lm_mhd_coupling/results/plasma_interface_free_surface_gate_scan.csv,.csv,2149690,33a796c4b7d87ffaa11b45851403daa8baeed88f145f9939042f92ff93f784c6,6400,,,,
cases/lm_mhd_coupling/results/plasma_interface_free_surface_gate_scan.png,.png,151851,2c663c5a43a6d23aabb05600b3a6fab973c98217e466e63c9f83dfd7415bbccf,,1844,1472,80.91457545026516,true
cases/lm_mhd_coupling/results/plasma_interface_free_surface_gate_scan_summary.md,.md,1450,e99da3b48b45687dd597ed6f6c240fbefd2157caec8d0927c8ad42e381928a60,,,,,
cases/lm_mhd_coupling/results/plasma_interface_marangoni_scan.csv,.csv,1017717,d9d910188715a911d9ed23e58e13f7162aaae4985357ba492ed678011a3f9b71,6400,,,,
cases/lm_mhd_coupling/results/plasma_interface_marangoni_scan.png,.png,129537,efd857234750729f272b188c2cd8c79910db071a4ba5dd833a585b86110314b4,,2409,731,82.02404870190061,true
cases/lm_mhd_coupling/results/plasma_interface_marangoni_scan_summary.md,.md,612,608b027573ca33506d4bdb1699e7dc522a5b14541cb951360c339185012bcb0f,,,,,
cases/lm_mhd_coupling/results/plasma_interface_sheath_scan.csv,.csv,749229,0d55dee6d0bb39354a51c1f6d01c81474cd816b060859be1e4725451b4e072a3,6400,,,,
cases/lm_mhd_coupling/results/plasma_interface_sheath_scan.png,.png,121870,ba2ec6059aa6af1cb8b25cf04ea0f87a85b31db854b0d31d72e222479c4da03a,,2414,705,78.65418676262165,true
cases/lm_mhd_coupling/results/plasma_interface_sheath_scan_summary.md,.md,607,ea60f64aac91bb936cf00d4e5994fe03b056de2c2c436153df62a2c8a5e602d6,,,,,
cases/lm_mhd_coupling/results/plasma_interface_thermal_response_scan.csv,.csv,842700,1cd0cde44a60a8f7afcd616b397a4cc1ff6645820894ae644b9dd9705ccbcd10,6400,,,,
cases/lm_mhd_coupling/results/plasma_interface_thermal_response_scan.png,.png,109851,96d062c2bba2e2854dbd078ae3b61a3393629761bf8251be2e82afcd3f8e9770,,2407,731,86.58348098742259,true
cases/lm_mhd_coupling/results/plasma_interface_thermal_response_scan_summary.md,.md,613,5491aa6a46d3869b0db296242a8761eec21b6633d62e784298bdd63b6edcfcc6,,,,,
cases/lm_mhd_coupling/results/reference_matrix_runs.csv,.csv,1555,b0900e4581a1ec1db9c958038f8e64f4bdc99a5ef6f0f1ce6e78057ef9561039,5,,,,
cases/lm_mhd_coupling/results/reference_matrix_summary.md,.md,1173,9e5511edee43f7cf461c8a48fa7e94d1061871ec34eff4d5d3350633dbfb1441,,,,,
